round_epochs,val_loss,val_acc,val_f1score,loss,acc,f1score,activation1,activation2,batch_size,dropout,epochs,kernel_initializer,layer1_units,layer2_units,layer3_units,losses,lr,optimizer,use_bias
100,0.6403650837540626,0.8303999900817871,0.5221071243286133,0.14287493686502178,0.93813336,0.82106346,relu,sigmoid,35,0.08,100,normal,65,56,29,binary_crossentropy,0.5,<class 'tensorflow.python.keras.optimizer_v2.nadam.Nadam'>,False
106,0.32335340082645414,0.8736000061035156,0.580327033996582,0.32081157247225445,0.8664,0.6015504,elu,sigmoid,50,0.4,106,normal,83,56,20,binary_crossentropy,1,<class 'tensorflow.python.keras.optimizer_v2.adam.Adam'>,True
142,0.3212366342544556,0.8791999816894531,0.5848903656005859,0.32043714483579,0.86613333,0.6081733,elu,sigmoid,50,0.24,142,normal,29,38,29,binary_crossentropy,1,<class 'tensorflow.python.keras.optimizer_v2.rmsprop.RMSprop'>,True
118,0.5120068849921227,0.8543999791145325,0.5350937247276306,0.2140771936774254,0.9181333,0.77386665,relu,sigmoid,35,0.24,118,uniform,65,56,38,binary_crossentropy,1,<class 'tensorflow.python.keras.optimizer_v2.rmsprop.RMSprop'>,True
136,0.4283381643295288,0.853600025177002,0.554938554763794,0.25319782638549804,0.89493334,0.69880795,relu,sigmoid,60,0.08,136,uniform,20,47,29,binary_crossentropy,1,<class 'tensorflow.python.keras.optimizer_v2.nadam.Nadam'>,True
130,0.530511538863182,0.8623999953269958,0.5936082601547241,0.21917442799607914,0.9098667,0.7437,relu,sigmoid,65,0.16,130,uniform,29,56,20,binary_crossentropy,1,<class 'tensorflow.python.keras.optimizer_v2.nadam.Nadam'>,True
112,0.324207598567009,0.8672000169754028,0.5657427310943604,0.3266658443212509,0.86266667,0.5972399,elu,sigmoid,50,0.4,112,normal,20,20,29,binary_crossentropy,0.5,<class 'tensorflow.python.keras.optimizer_v2.nadam.Nadam'>,True
130,0.324657786488533,0.8672000169754028,0.5896831750869751,0.3160510782400767,0.8653333,0.59466153,elu,sigmoid,50,0.08,130,uniform,38,56,29,binary_crossentropy,0.5,<class 'tensorflow.python.keras.optimizer_v2.nadam.Nadam'>,False
118,0.3515189163088798,0.86080002784729,0.5546934604644775,0.2932556532720725,0.8784,0.6316583,elu,sigmoid,35,0.16,118,normal,29,56,20,binary_crossentropy,1,<class 'tensorflow.python.keras.optimizer_v2.nadam.Nadam'>,True
130,0.4399094253778458,0.8551999926567078,0.5627325773239136,0.24395427465438843,0.9032,0.73443776,relu,sigmoid,50,0.16,130,uniform,56,29,29,binary_crossentropy,1,<class 'tensorflow.python.keras.optimizer_v2.rmsprop.RMSprop'>,True
106,0.32620752638578415,0.871999979019165,0.5917021036148071,0.3209397250612577,0.86266667,0.59212774,elu,sigmoid,65,0.16,106,uniform,20,29,29,binary_crossentropy,1,<class 'tensorflow.python.keras.optimizer_v2.nadam.Nadam'>,False
148,0.3459075054526329,0.8560000061988831,0.5688830614089966,0.3089188663264116,0.8728,0.62615395,elu,sigmoid,35,0.16,148,normal,56,20,38,binary_crossentropy,1,<class 'tensorflow.python.keras.optimizer_v2.rmsprop.RMSprop'>,False
106,0.39893607956171034,0.8543999791145325,0.5675421357154846,0.26379441807667414,0.90133333,0.72693485,relu,sigmoid,65,0.4,106,uniform,47,29,20,binary_crossentropy,1,<class 'tensorflow.python.keras.optimizer_v2.adam.Adam'>,False
142,0.3527058973312378,0.8600000143051147,0.58601975440979,0.2966963624159495,0.87866664,0.65465784,elu,sigmoid,65,0.16,142,uniform,65,29,29,binary_crossentropy,1,<class 'tensorflow.python.keras.optimizer_v2.nadam.Nadam'>,True
130,0.809169071495533,0.8104000091552734,0.49868783354759216,0.11524727375805378,0.9528,0.87636495,relu,sigmoid,45,0.0,130,normal,74,47,38,binary_crossentropy,0.5,<class 'tensorflow.python.keras.optimizer_v2.nadam.Nadam'>,False
130,0.7275007916986942,0.8216000199317932,0.512996256351471,0.12688932016988597,0.94773334,0.8661215,relu,sigmoid,55,0.0,130,uniform,47,47,20,binary_crossentropy,1,<class 'tensorflow.python.keras.optimizer_v2.nadam.Nadam'>,True
106,0.404629296451807,0.8583999872207642,0.5347081422805786,0.2513662555217743,0.8984,0.7071076,relu,sigmoid,45,0.0,106,uniform,83,20,38,binary_crossentropy,1,<class 'tensorflow.python.keras.optimizer_v2.rmsprop.RMSprop'>,False
142,0.6106293942928315,0.8399999737739563,0.5354600548744202,0.16672369301319123,0.9370667,0.83690137,relu,sigmoid,65,0.16,142,normal,74,29,29,binary_crossentropy,1,<class 'tensorflow.python.keras.optimizer_v2.adam.Adam'>,True
106,0.3356434509754181,0.8704000115394592,0.5964000821113586,0.3204969179630279,0.86906666,0.60210395,elu,sigmoid,60,0.0,106,normal,56,29,29,binary_crossentropy,1,<class 'tensorflow.python.keras.optimizer_v2.rmsprop.RMSprop'>,True
100,0.39180559587478636,0.8583999872207642,0.577917754650116,0.26507565927505494,0.89706665,0.70478296,relu,sigmoid,60,0.24,100,uniform,56,20,29,binary_crossentropy,1,<class 'tensorflow.python.keras.optimizer_v2.adam.Adam'>,True
106,0.32598950922489167,0.8759999871253967,0.5769335627555847,0.3330183668931325,0.85786664,0.56307757,elu,sigmoid,50,0.32,106,uniform,83,20,20,binary_crossentropy,0.5,<class 'tensorflow.python.keras.optimizer_v2.adam.Adam'>,False
124,0.8281869826316833,0.8416000008583069,0.5538187623023987,0.1304180575609207,0.94346666,0.85440683,relu,sigmoid,60,0.16,124,normal,83,20,29,binary_crossentropy,1,<class 'tensorflow.python.keras.optimizer_v2.nadam.Nadam'>,False
100,0.32716896891593933,0.8736000061035156,0.5884445309638977,0.3316802006959915,0.8584,0.57691073,elu,sigmoid,50,0.16,100,uniform,74,20,29,binary_crossentropy,0.5,<class 'tensorflow.python.keras.optimizer_v2.adam.Adam'>,True
148,0.7055861349105835,0.8407999873161316,0.5153547525405884,0.18165521732966106,0.91146666,0.7508819,relu,sigmoid,65,0.16,148,uniform,29,56,20,binary_crossentropy,1,<class 'tensorflow.python.keras.optimizer_v2.nadam.Nadam'>,False
118,0.43567894929647444,0.843999981880188,0.5354205965995789,0.23353980321685472,0.9045333,0.71699506,relu,sigmoid,65,0.4,118,normal,47,38,38,binary_crossentropy,1,<class 'tensorflow.python.keras.optimizer_v2.adam.Adam'>,True
106,1.080187691450119,0.8176000118255615,0.49630987644195557,0.08268475993194928,0.9632,0.8930007,relu,sigmoid,35,0.0,106,normal,74,38,20,binary_crossentropy,1,<class 'tensorflow.python.keras.optimizer_v2.nadam.Nadam'>,False
136,0.32460289043188095,0.8744000196456909,0.5739337205886841,0.3285089793801308,0.86266667,0.5725716,elu,sigmoid,55,0.4,136,uniform,83,20,20,binary_crossentropy,1,<class 'tensorflow.python.keras.optimizer_v2.rmsprop.RMSprop'>,False
106,0.37300407195091245,0.8655999898910522,0.5763485431671143,0.27578446292877196,0.88533336,0.6736723,relu,sigmoid,40,0.0,106,uniform,56,38,29,binary_crossentropy,0.5,<class 'tensorflow.python.keras.optimizer_v2.rmsprop.RMSprop'>,False
106,0.34702780055999755,0.8583999872207642,0.5552327036857605,0.3053434491157532,0.8768,0.6346006,relu,sigmoid,40,0.4,106,uniform,38,20,38,binary_crossentropy,0.5,<class 'tensorflow.python.keras.optimizer_v2.adam.Adam'>,False
118,0.3298146407604218,0.8679999709129333,0.579831600189209,0.3127288902203242,0.86586666,0.60270405,elu,sigmoid,40,0.08,118,uniform,83,20,38,binary_crossentropy,1,<class 'tensorflow.python.keras.optimizer_v2.adam.Adam'>,True
142,0.45746622323989866,0.8424000144004822,0.5494386553764343,0.22544210827350616,0.91066664,0.7527093,relu,sigmoid,40,0.16,142,uniform,83,20,29,binary_crossentropy,1,<class 'tensorflow.python.keras.optimizer_v2.rmsprop.RMSprop'>,False
100,0.325591629743576,0.8727999925613403,0.5990036725997925,0.33024804878234865,0.8608,0.59544057,elu,sigmoid,60,0.4,100,normal,74,38,38,binary_crossentropy,0.5,<class 'tensorflow.python.keras.optimizer_v2.adam.Adam'>,False
136,0.32174194490909575,0.8744000196456909,0.5902438163757324,0.32603419985373816,0.8642667,0.6001659,elu,sigmoid,65,0.32,136,uniform,38,56,38,binary_crossentropy,1,<class 'tensorflow.python.keras.optimizer_v2.adam.Adam'>,False
106,0.3215292233228684,0.8759999871253967,0.5697065591812134,0.32476587494214376,0.86266667,0.5881207,elu,sigmoid,50,0.24,106,uniform,38,56,20,binary_crossentropy,1,<class 'tensorflow.python.keras.optimizer_v2.adam.Adam'>,True
118,0.3259446867108345,0.8751999735832214,0.6055092215538025,0.32038635766506196,0.86506665,0.60812825,elu,sigmoid,65,0.24,118,uniform,47,29,20,binary_crossentropy,1,<class 'tensorflow.python.keras.optimizer_v2.nadam.Nadam'>,False
130,0.37204721343517305,0.8496000170707703,0.5538367629051208,0.2788023962577184,0.8842667,0.6639675,elu,sigmoid,55,0.08,130,uniform,92,38,38,binary_crossentropy,1,<class 'tensorflow.python.keras.optimizer_v2.nadam.Nadam'>,True
124,0.38839085602760315,0.8560000061988831,0.5533065795898438,0.258096205830574,0.9056,0.739247,relu,sigmoid,60,0.4,124,uniform,74,56,29,binary_crossentropy,0.5,<class 'tensorflow.python.keras.optimizer_v2.adam.Adam'>,True
112,0.32109677863121033,0.8744000196456909,0.5939438343048096,0.3333942229747772,0.8634667,0.60499036,elu,sigmoid,60,0.4,112,normal,20,56,38,binary_crossentropy,0.5,<class 'tensorflow.python.keras.optimizer_v2.nadam.Nadam'>,False
100,0.3238177931308746,0.8672000169754028,0.5629375576972961,0.3248969846963882,0.864,0.59159523,elu,sigmoid,50,0.24,100,uniform,65,29,38,binary_crossentropy,0.5,<class 'tensorflow.python.keras.optimizer_v2.nadam.Nadam'>,False
124,0.3295457486510277,0.8687999844551086,0.5726420879364014,0.31711934121449786,0.87226665,0.6293458,elu,sigmoid,55,0.24,124,normal,83,56,20,binary_crossentropy,1,<class 'tensorflow.python.keras.optimizer_v2.rmsprop.RMSprop'>,False
136,0.33215089499950406,0.8727999925613403,0.5831471681594849,0.31173134940862657,0.8728,0.5984007,elu,sigmoid,30,0.16,136,uniform,65,20,20,binary_crossentropy,1,<class 'tensorflow.python.keras.optimizer_v2.adam.Adam'>,False
142,0.3248562638759613,0.871999979019165,0.5978971123695374,0.3123821893731753,0.8704,0.62904704,elu,sigmoid,65,0.16,142,normal,20,29,20,binary_crossentropy,1,<class 'tensorflow.python.keras.optimizer_v2.nadam.Nadam'>,False
106,0.5616183347702026,0.8343999981880188,0.5301480293273926,0.20942920595407485,0.91386664,0.76659054,relu,sigmoid,60,0.24,106,normal,38,29,29,binary_crossentropy,1,<class 'tensorflow.python.keras.optimizer_v2.nadam.Nadam'>,True
100,0.3336850780248642,0.864799976348877,0.5694915652275085,0.31901010912656785,0.8666667,0.60208744,elu,sigmoid,30,0.08,100,uniform,92,47,38,binary_crossentropy,0.5,<class 'tensorflow.python.keras.optimizer_v2.nadam.Nadam'>,False
112,0.39575329607725146,0.8399999737739563,0.5566649436950684,0.27222797817985217,0.8976,0.7051449,relu,sigmoid,35,0.24,112,normal,74,20,38,binary_crossentropy,0.5,<class 'tensorflow.python.keras.optimizer_v2.rmsprop.RMSprop'>,False
100,0.3341489737033844,0.8704000115394592,0.5331361293792725,0.3284538527727127,0.85866666,0.5746464,elu,sigmoid,35,0.08,100,uniform,38,20,20,binary_crossentropy,1,<class 'tensorflow.python.keras.optimizer_v2.rmsprop.RMSprop'>,True
136,0.6812686085700989,0.823199987411499,0.5372439622879028,0.1704265225082636,0.9293333,0.81236523,relu,sigmoid,35,0.08,136,uniform,83,47,29,binary_crossentropy,1,<class 'tensorflow.python.keras.optimizer_v2.rmsprop.RMSprop'>,True
142,0.40302168536186217,0.8447999954223633,0.5776461958885193,0.2627799957593282,0.8861333,0.66903204,relu,sigmoid,40,0.0,142,uniform,56,38,29,binary_crossentropy,0.5,<class 'tensorflow.python.keras.optimizer_v2.rmsprop.RMSprop'>,True
100,0.38522482216358184,0.8528000116348267,0.556147038936615,0.25722036937872567,0.8904,0.68203163,relu,sigmoid,50,0.0,100,uniform,47,56,38,binary_crossentropy,0.5,<class 'tensorflow.python.keras.optimizer_v2.nadam.Nadam'>,False
100,0.3356829286813736,0.871999979019165,0.5664803981781006,0.31956931376457215,0.8653333,0.5930592,elu,sigmoid,55,0.0,100,normal,65,47,38,binary_crossentropy,1,<class 'tensorflow.python.keras.optimizer_v2.rmsprop.RMSprop'>,True
124,0.5296479406356811,0.8399999737739563,0.5332947969436646,0.18357805526256563,0.9296,0.807865,relu,sigmoid,60,0.08,124,uniform,65,47,38,binary_crossentropy,0.5,<class 'tensorflow.python.keras.optimizer_v2.nadam.Nadam'>,False
106,0.3301178218126297,0.8679999709129333,0.580725371837616,0.32360487228631973,0.8645333,0.5968598,elu,sigmoid,45,0.08,106,uniform,74,38,20,binary_crossentropy,1,<class 'tensorflow.python.keras.optimizer_v2.rmsprop.RMSprop'>,False
100,0.3967547581195831,0.8360000252723694,0.4639544188976288,0.3733121761480967,0.84746665,0.5076932,relu,sigmoid,55,0.0,100,uniform,38,20,29,binary_crossentropy,0.5,<class 'tensorflow.python.keras.optimizer_v2.rmsprop.RMSprop'>,True
100,0.3770505377650261,0.8568000197410583,0.5360607504844666,0.2757796343564987,0.8904,0.68561226,elu,sigmoid,45,0.08,100,normal,83,38,38,binary_crossentropy,1,<class 'tensorflow.python.keras.optimizer_v2.nadam.Nadam'>,True
112,0.39942260026931764,0.8575999736785889,0.5520528554916382,0.26573514729738235,0.884,0.6487771,relu,sigmoid,50,0.24,112,normal,38,29,29,binary_crossentropy,0.5,<class 'tensorflow.python.keras.optimizer_v2.nadam.Nadam'>,False
118,0.32868526864051817,0.8736000061035156,0.5826574563980103,0.3214442945718765,0.8642667,0.6012977,elu,sigmoid,45,0.08,118,uniform,74,20,38,binary_crossentropy,1,<class 'tensorflow.python.keras.optimizer_v2.rmsprop.RMSprop'>,False
124,0.32657151281833646,0.8727999925613403,0.5954468250274658,0.32404017994801204,0.86906666,0.624782,elu,sigmoid,50,0.32,124,normal,38,20,38,binary_crossentropy,1,<class 'tensorflow.python.keras.optimizer_v2.rmsprop.RMSprop'>,False
100,0.3246531791090965,0.8712000250816345,0.5840008854866028,0.31255399954319,0.87093335,0.61536705,elu,sigmoid,45,0.24,100,uniform,29,56,20,binary_crossentropy,1,<class 'tensorflow.python.keras.optimizer_v2.nadam.Nadam'>,True
112,0.41504909467697143,0.8471999764442444,0.5483221411705017,0.23510534891486168,0.90346664,0.726599,relu,sigmoid,45,0.0,112,normal,65,56,20,binary_crossentropy,0.5,<class 'tensorflow.python.keras.optimizer_v2.adam.Adam'>,True
124,0.32638253849744797,0.8664000034332275,0.5785356163978577,0.33108175241947174,0.86373335,0.59612805,elu,sigmoid,55,0.32,124,normal,38,20,20,binary_crossentropy,0.5,<class 'tensorflow.python.keras.optimizer_v2.adam.Adam'>,True
142,0.3321701261997223,0.8664000034332275,0.5822203755378723,0.3098464999198914,0.87093335,0.61723816,elu,sigmoid,45,0.0,142,uniform,92,20,38,binary_crossentropy,1,<class 'tensorflow.python.keras.optimizer_v2.adam.Adam'>,False
130,0.3410179789066315,0.8623999953269958,0.5582332611083984,0.3017531222105026,0.8746667,0.6334365,elu,sigmoid,30,0.24,130,normal,74,20,29,binary_crossentropy,0.5,<class 'tensorflow.python.keras.optimizer_v2.nadam.Nadam'>,False
112,0.3254843153953552,0.8736000061035156,0.5692917704582214,0.3198974890708923,0.8656,0.6029574,elu,sigmoid,40,0.0,112,uniform,38,56,29,binary_crossentropy,1,<class 'tensorflow.python.keras.optimizer_v2.adam.Adam'>,True
148,0.32492472875118256,0.8695999979972839,0.5801488161087036,0.3195264232158661,0.86586666,0.60100496,elu,sigmoid,30,0.32,148,uniform,29,56,38,binary_crossentropy,1,<class 'tensorflow.python.keras.optimizer_v2.adam.Adam'>,False
106,0.32311973905563357,0.8751999735832214,0.5979127287864685,0.3262782063484192,0.8624,0.5908332,elu,sigmoid,60,0.08,106,uniform,29,47,29,binary_crossentropy,0.5,<class 'tensorflow.python.keras.optimizer_v2.nadam.Nadam'>,False
142,0.4635973792672157,0.8503999710083008,0.5441969633102417,0.2022128310352564,0.92506665,0.7949996,relu,sigmoid,45,0.24,142,normal,83,47,20,binary_crossentropy,0.5,<class 'tensorflow.python.keras.optimizer_v2.adam.Adam'>,False
118,0.4311718481779099,0.8543999791145325,0.5285584926605225,0.24074015259742737,0.9026667,0.73081154,relu,sigmoid,50,0.16,118,uniform,56,56,29,binary_crossentropy,1,<class 'tensorflow.python.keras.optimizer_v2.rmsprop.RMSprop'>,True
118,1.036103132635355,0.8176000118255615,0.5337887406349182,0.11575385784357786,0.9461333,0.84323007,relu,sigmoid,30,0.24,118,uniform,74,38,20,binary_crossentropy,1,<class 'tensorflow.python.keras.optimizer_v2.nadam.Nadam'>,False
136,0.4234659254848957,0.8464000225067139,0.5425145030021667,0.2352620083093643,0.908,0.7396852,relu,sigmoid,35,0.0,136,normal,56,20,38,binary_crossentropy,0.5,<class 'tensorflow.python.keras.optimizer_v2.adam.Adam'>,False
100,0.32911522871255877,0.8751999735832214,0.5870927572250366,0.33714342015981674,0.86053336,0.58781743,elu,sigmoid,55,0.08,100,uniform,20,29,20,binary_crossentropy,0.5,<class 'tensorflow.python.keras.optimizer_v2.rmsprop.RMSprop'>,False
106,0.32564614832401273,0.8712000250816345,0.5810381770133972,0.3285244470834732,0.86053336,0.583218,elu,sigmoid,50,0.32,106,normal,65,38,38,binary_crossentropy,0.5,<class 'tensorflow.python.keras.optimizer_v2.adam.Adam'>,False
136,0.34855887639522554,0.8592000007629395,0.5598944425582886,0.29861091905832293,0.8752,0.62652034,elu,sigmoid,30,0.08,136,uniform,83,38,20,binary_crossentropy,0.5,<class 'tensorflow.python.keras.optimizer_v2.nadam.Nadam'>,True
100,0.4244306457042694,0.843999981880188,0.5343191027641296,0.235319713751475,0.9136,0.75462526,relu,sigmoid,50,0.16,100,normal,92,20,38,binary_crossentropy,1,<class 'tensorflow.python.keras.optimizer_v2.rmsprop.RMSprop'>,False
112,0.597266610622406,0.8327999711036682,0.5352890491485596,0.15117254329721133,0.9344,0.8193985,relu,sigmoid,40,0.08,112,normal,56,56,38,binary_crossentropy,0.5,<class 'tensorflow.python.keras.optimizer_v2.nadam.Nadam'>,True
112,0.37807058575749397,0.8615999817848206,0.5879429578781128,0.26176282413800556,0.8952,0.68720204,relu,sigmoid,55,0.08,112,normal,20,38,38,binary_crossentropy,0.5,<class 'tensorflow.python.keras.optimizer_v2.nadam.Nadam'>,False
118,0.38998114740848544,0.853600025177002,0.5407074689865112,0.2651218634843826,0.89093333,0.68784237,relu,sigmoid,30,0.0,118,normal,38,20,38,binary_crossentropy,0.5,<class 'tensorflow.python.keras.optimizer_v2.adam.Adam'>,False
136,0.32813962054252627,0.871999979019165,0.5775758028030396,0.3172920016646385,0.86693335,0.604991,elu,sigmoid,30,0.4,136,uniform,65,20,20,binary_crossentropy,0.5,<class 'tensorflow.python.keras.optimizer_v2.nadam.Nadam'>,False
136,0.37541119575500487,0.8679999709129333,0.5486530661582947,0.2876691347360611,0.88853335,0.69099516,relu,sigmoid,50,0.24,136,uniform,56,20,20,binary_crossentropy,0.5,<class 'tensorflow.python.keras.optimizer_v2.rmsprop.RMSprop'>,True
118,0.44518664163351057,0.848800003528595,0.5410218834877014,0.231388429582119,0.9058667,0.730389,elu,sigmoid,30,0.16,118,normal,83,29,20,binary_crossentropy,1,<class 'tensorflow.python.keras.optimizer_v2.nadam.Nadam'>,False
136,0.4400774775147438,0.8456000089645386,0.516861617565155,0.2584464942415555,0.8933333,0.6749917,relu,sigmoid,35,0.4,136,normal,38,29,29,binary_crossentropy,1,<class 'tensorflow.python.keras.optimizer_v2.rmsprop.RMSprop'>,True
112,0.32815561670064924,0.8744000196456909,0.5758994817733765,0.31753787177801135,0.86693335,0.6319918,elu,sigmoid,55,0.16,112,normal,74,20,20,binary_crossentropy,1,<class 'tensorflow.python.keras.optimizer_v2.adam.Adam'>,True
100,0.4184740613102913,0.8640000224113464,0.5273010730743408,0.2462030427455902,0.9056,0.7282548,relu,sigmoid,35,0.0,100,uniform,92,20,20,binary_crossentropy,1,<class 'tensorflow.python.keras.optimizer_v2.rmsprop.RMSprop'>,True
106,0.32380844324827196,0.8759999871253967,0.599875271320343,0.32827005380392077,0.8613333,0.58027434,elu,sigmoid,65,0.16,106,uniform,74,47,20,binary_crossentropy,1,<class 'tensorflow.python.keras.optimizer_v2.rmsprop.RMSprop'>,True
142,0.3383612189292908,0.864799976348877,0.5743417143821716,0.30954034833113353,0.87493336,0.61664224,elu,sigmoid,55,0.4,142,uniform,38,47,29,binary_crossentropy,1,<class 'tensorflow.python.keras.optimizer_v2.nadam.Nadam'>,False
124,0.4065184104442596,0.8343999981880188,0.5597783327102661,0.27617987821499507,0.8968,0.71099615,relu,sigmoid,55,0.32,124,uniform,65,20,20,binary_crossentropy,1,<class 'tensorflow.python.keras.optimizer_v2.rmsprop.RMSprop'>,True
148,0.3273179480433464,0.8704000115394592,0.575290858745575,0.32249942284822464,0.86373335,0.5982722,elu,sigmoid,45,0.4,148,normal,20,47,29,binary_crossentropy,0.5,<class 'tensorflow.python.keras.optimizer_v2.nadam.Nadam'>,True
112,0.3573586110472679,0.8664000034332275,0.553049623966217,0.2697732165157795,0.8832,0.6692175,elu,sigmoid,45,0.16,112,uniform,92,47,38,binary_crossentropy,1,<class 'tensorflow.python.keras.optimizer_v2.nadam.Nadam'>,True
112,0.3904982596039772,0.8592000007629395,0.5515933036804199,0.2603741820951303,0.8984,0.68415564,relu,sigmoid,35,0.24,112,uniform,74,20,20,binary_crossentropy,0.5,<class 'tensorflow.python.keras.optimizer_v2.nadam.Nadam'>,True
112,0.3311202686429024,0.8736000061035156,0.5981443524360657,0.3270787900686264,0.8613333,0.57137537,elu,sigmoid,45,0.0,112,uniform,92,29,38,binary_crossentropy,0.5,<class 'tensorflow.python.keras.optimizer_v2.adam.Adam'>,False
100,0.3308004443049431,0.8640000224113464,0.550589382648468,0.3116958997100592,0.8696,0.601108,elu,sigmoid,35,0.0,100,normal,83,29,29,binary_crossentropy,1,<class 'tensorflow.python.keras.optimizer_v2.adam.Adam'>,True
136,0.7115458149909973,0.8256000280380249,0.5256854891777039,0.16415421080589293,0.93626666,0.82270986,relu,sigmoid,60,0.4,136,normal,92,20,38,binary_crossentropy,1,<class 'tensorflow.python.keras.optimizer_v2.adam.Adam'>,False
106,0.32683744049072266,0.8687999844551086,0.5783593654632568,0.32480294167995455,0.8584,0.58891696,elu,sigmoid,60,0.24,106,normal,83,29,38,binary_crossentropy,0.5,<class 'tensorflow.python.keras.optimizer_v2.adam.Adam'>,False
130,0.3268064330816269,0.8784000277519226,0.5983623266220093,0.33469980422655743,0.85866666,0.5861739,elu,sigmoid,65,0.32,130,uniform,65,56,38,binary_crossentropy,0.5,<class 'tensorflow.python.keras.optimizer_v2.rmsprop.RMSprop'>,True
106,0.3262268754839897,0.8695999979972839,0.5668400526046753,0.328335098028183,0.85973334,0.59087884,elu,sigmoid,45,0.08,106,normal,56,20,20,binary_crossentropy,0.5,<class 'tensorflow.python.keras.optimizer_v2.rmsprop.RMSprop'>,False
106,0.41290510231256483,0.853600025177002,0.5391900539398193,0.25953529826800026,0.8901333,0.69954926,relu,sigmoid,55,0.4,106,normal,20,47,38,binary_crossentropy,1,<class 'tensorflow.python.keras.optimizer_v2.nadam.Nadam'>,False
106,0.8871130191683769,0.8399999737739563,0.49249327182769775,0.10359878638883432,0.9392,0.8216811,relu,sigmoid,35,0.24,106,normal,92,56,38,binary_crossentropy,1,<class 'tensorflow.python.keras.optimizer_v2.adam.Adam'>,False
148,0.32914571261405945,0.8664000034332275,0.5781244039535522,0.3219219837188721,0.8688,0.60728896,elu,sigmoid,40,0.08,148,uniform,29,20,38,binary_crossentropy,1,<class 'tensorflow.python.keras.optimizer_v2.rmsprop.RMSprop'>,True
118,0.33027584409713745,0.8727999925613403,0.5721623301506042,0.3204621257185936,0.864,0.58207446,elu,sigmoid,35,0.24,118,uniform,74,56,20,binary_crossentropy,1,<class 'tensorflow.python.keras.optimizer_v2.adam.Adam'>,False
100,0.6368811330795288,0.8104000091552734,0.5266629457473755,0.1602418367266655,0.93626666,0.8330672,relu,sigmoid,60,0.24,100,normal,65,20,38,binary_crossentropy,1,<class 'tensorflow.python.keras.optimizer_v2.nadam.Nadam'>,False
142,0.33316288608312605,0.8655999898910522,0.5786978602409363,0.3324963410496712,0.8552,0.5829152,elu,sigmoid,45,0.4,142,uniform,65,20,38,binary_crossentropy,0.5,<class 'tensorflow.python.keras.optimizer_v2.adam.Adam'>,False
136,0.6863992145061493,0.8303999900817871,0.5423340201377869,0.14215376498550178,0.93946666,0.8283103,relu,sigmoid,45,0.16,136,normal,65,38,38,binary_crossentropy,0.5,<class 'tensorflow.python.keras.optimizer_v2.nadam.Nadam'>,False
100,0.40842666959762575,0.8447999954223633,0.5564722418785095,0.25825354846318566,0.8954667,0.70077914,relu,sigmoid,40,0.08,100,normal,38,56,20,binary_crossentropy,1,<class 'tensorflow.python.keras.optimizer_v2.rmsprop.RMSprop'>,True
112,0.42165264201164243,0.8519999980926514,0.5689783096313477,0.25374989533424375,0.9,0.71235675,relu,sigmoid,40,0.08,112,uniform,29,56,29,binary_crossentropy,0.5,<class 'tensorflow.python.keras.optimizer_v2.nadam.Nadam'>,False
142,0.33767461439967156,0.8727999925613403,0.585574209690094,0.3095113306045532,0.88,0.6420563,relu,sigmoid,55,0.4,142,uniform,29,29,38,binary_crossentropy,0.5,<class 'tensorflow.python.keras.optimizer_v2.nadam.Nadam'>,False
112,0.3262106744647026,0.8704000115394592,0.570260763168335,0.33181601881980893,0.85866666,0.5869606,elu,sigmoid,45,0.24,112,uniform,56,20,29,binary_crossentropy,0.5,<class 'tensorflow.python.keras.optimizer_v2.adam.Adam'>,True
148,0.3439114761352539,0.8623999953269958,0.5736620426177979,0.30740660468737285,0.86693335,0.6027351,elu,sigmoid,50,0.08,148,uniform,74,47,29,binary_crossentropy,1,<class 'tensorflow.python.keras.optimizer_v2.adam.Adam'>,True
112,0.3402960485219955,0.864799976348877,0.5931620001792908,0.30882178495327633,0.8693333,0.6227679,elu,sigmoid,50,0.0,112,uniform,38,56,38,binary_crossentropy,1,<class 'tensorflow.python.keras.optimizer_v2.nadam.Nadam'>,True
106,0.39338412129878997,0.843999981880188,0.46132391691207886,0.3860193029443423,0.8472,0.51001954,relu,sigmoid,55,0.32,106,uniform,29,56,20,binary_crossentropy,0.5,<class 'tensorflow.python.keras.optimizer_v2.rmsprop.RMSprop'>,True
100,0.4096106314063072,0.8592000007629395,0.5502293109893799,0.25159609308838843,0.89306664,0.68808216,relu,sigmoid,55,0.16,100,normal,20,47,20,binary_crossentropy,1,<class 'tensorflow.python.keras.optimizer_v2.nadam.Nadam'>,False
130,0.5920733716487885,0.8199999928474426,0.5172119140625,0.1773122123479843,0.9312,0.8207653,relu,sigmoid,65,0.24,130,normal,56,56,20,binary_crossentropy,0.5,<class 'tensorflow.python.keras.optimizer_v2.nadam.Nadam'>,True
130,0.3647903069853783,0.8615999817848206,0.5567297339439392,0.2834514225025972,0.8824,0.6243336,elu,sigmoid,35,0.4,130,normal,47,47,38,binary_crossentropy,1,<class 'tensorflow.python.keras.optimizer_v2.nadam.Nadam'>,True
118,0.32576656967401507,0.876800000667572,0.5715475678443909,0.32938788654406864,0.86,0.5968106,elu,sigmoid,55,0.24,118,normal,65,29,38,binary_crossentropy,0.5,<class 'tensorflow.python.keras.optimizer_v2.rmsprop.RMSprop'>,False
136,0.49235175681114196,0.8343999981880188,0.5559030771255493,0.20883601977427801,0.9184,0.78182274,relu,sigmoid,65,0.32,136,normal,56,20,29,binary_crossentropy,0.5,<class 'tensorflow.python.keras.optimizer_v2.nadam.Nadam'>,True
142,0.34201323890686036,0.8655999898910522,0.5636328458786011,0.3149422110319138,0.8704,0.607415,elu,sigmoid,30,0.32,142,uniform,92,56,20,binary_crossentropy,1,<class 'tensorflow.python.keras.optimizer_v2.rmsprop.RMSprop'>,True
130,0.32550982332229617,0.8679999709129333,0.5763859152793884,0.31512866294384,0.87013334,0.624426,elu,sigmoid,40,0.4,130,uniform,83,20,38,binary_crossentropy,0.5,<class 'tensorflow.python.keras.optimizer_v2.nadam.Nadam'>,True
130,0.45674694615602496,0.8456000089645386,0.548305869102478,0.21616400000452995,0.90933335,0.74482167,relu,sigmoid,45,0.0,130,normal,74,56,29,binary_crossentropy,0.5,<class 'tensorflow.python.keras.optimizer_v2.rmsprop.RMSprop'>,True
148,0.48892667293548586,0.8360000252723694,0.5009955763816833,0.23617759287357332,0.90853333,0.73777574,relu,sigmoid,50,0.32,148,uniform,56,29,20,binary_crossentropy,0.5,<class 'tensorflow.python.keras.optimizer_v2.nadam.Nadam'>,True
100,0.3318120087981224,0.8799999952316284,0.5812810659408569,0.3381244812409083,0.8592,0.5882655,elu,sigmoid,55,0.16,100,uniform,29,56,20,binary_crossentropy,0.5,<class 'tensorflow.python.keras.optimizer_v2.rmsprop.RMSprop'>,True
112,0.3303675456047058,0.8672000169754028,0.572546124458313,0.31463411563634874,0.8693333,0.62031126,elu,sigmoid,45,0.24,112,normal,74,56,29,binary_crossentropy,0.5,<class 'tensorflow.python.keras.optimizer_v2.nadam.Nadam'>,True
142,0.7244836610555648,0.8352000117301941,0.5382203459739685,0.13420342209438482,0.94666666,0.8574387,relu,sigmoid,50,0.24,142,normal,74,29,29,binary_crossentropy,0.5,<class 'tensorflow.python.keras.optimizer_v2.nadam.Nadam'>,False
124,0.7094308452606202,0.8327999711036682,0.5403097867965698,0.1477982402443886,0.93546665,0.8150222,relu,sigmoid,30,0.0,124,uniform,92,29,29,binary_crossentropy,1,<class 'tensorflow.python.keras.optimizer_v2.adam.Adam'>,False
106,0.5800781548023224,0.853600025177002,0.5821290612220764,0.17960280021031697,0.9208,0.78161734,relu,sigmoid,40,0.24,106,normal,47,56,38,binary_crossentropy,1,<class 'tensorflow.python.keras.optimizer_v2.adam.Adam'>,True
148,0.36740718871355055,0.8600000143051147,0.5147834420204163,0.28472992533445357,0.8821333,0.62534493,relu,sigmoid,30,0.24,148,uniform,20,47,20,binary_crossentropy,0.5,<class 'tensorflow.python.keras.optimizer_v2.nadam.Nadam'>,True
118,0.3860662463009357,0.8519999980926514,0.5502867102622986,0.29148523617784183,0.88746667,0.68114585,relu,sigmoid,35,0.08,118,uniform,29,29,20,binary_crossentropy,1,<class 'tensorflow.python.keras.optimizer_v2.rmsprop.RMSprop'>,False
100,0.3336607267856598,0.871999979019165,0.5938684344291687,0.3282207967638969,0.8624,0.5927273,elu,sigmoid,55,0.0,100,normal,65,20,20,binary_crossentropy,0.5,<class 'tensorflow.python.keras.optimizer_v2.adam.Adam'>,False
112,0.404802387714386,0.853600025177002,0.5758890509605408,0.25055182886123656,0.9,0.722656,relu,sigmoid,60,0.32,112,uniform,47,20,38,binary_crossentropy,1,<class 'tensorflow.python.keras.optimizer_v2.adam.Adam'>,True
130,0.32730896878242494,0.8704000115394592,0.5706533789634705,0.3290229645172755,0.8616,0.5995041,elu,sigmoid,55,0.4,130,normal,20,56,38,binary_crossentropy,1,<class 'tensorflow.python.keras.optimizer_v2.nadam.Nadam'>,False
136,0.4044404391646385,0.8432000279426575,0.43172046542167664,0.37930076944828034,0.84746665,0.5114093,relu,sigmoid,45,0.24,136,uniform,20,29,29,binary_crossentropy,0.5,<class 'tensorflow.python.keras.optimizer_v2.rmsprop.RMSprop'>,False
130,0.3237889670133591,0.8704000115394592,0.570724606513977,0.3247770424485207,0.8613333,0.5795036,elu,sigmoid,30,0.08,130,uniform,56,47,20,binary_crossentropy,0.5,<class 'tensorflow.python.keras.optimizer_v2.adam.Adam'>,False
124,0.379712063908577,0.8407999873161316,0.5493717193603516,0.30005107414722443,0.8768,0.6363444,relu,sigmoid,30,0.32,124,normal,47,20,20,binary_crossentropy,0.5,<class 'tensorflow.python.keras.optimizer_v2.rmsprop.RMSprop'>,False
100,0.3730945284962654,0.848800003528595,0.5619372725486755,0.28657827466726304,0.8872,0.6743726,relu,sigmoid,45,0.16,100,uniform,65,29,38,binary_crossentropy,0.5,<class 'tensorflow.python.keras.optimizer_v2.rmsprop.RMSprop'>,True
118,0.32646269977092746,0.8751999735832214,0.5903694033622742,0.3262361544370651,0.85866666,0.58219147,elu,sigmoid,65,0.0,118,normal,65,47,29,binary_crossentropy,0.5,<class 'tensorflow.python.keras.optimizer_v2.rmsprop.RMSprop'>,False
148,0.3281020917892456,0.8687999844551086,0.5780438184738159,0.31726466794808705,0.8685333,0.62396514,elu,sigmoid,65,0.16,148,uniform,74,20,38,binary_crossentropy,1,<class 'tensorflow.python.keras.optimizer_v2.rmsprop.RMSprop'>,True
100,1.1298303599953652,0.8367999792098999,0.5342867374420166,0.10953934924552838,0.9472,0.84668565,relu,sigmoid,35,0.32,100,normal,83,38,20,binary_crossentropy,1,<class 'tensorflow.python.keras.optimizer_v2.nadam.Nadam'>,False
142,0.5317252970337868,0.8456000089645386,0.538605272769928,0.18878330827752748,0.93546665,0.8306546,relu,sigmoid,55,0.32,142,uniform,74,20,20,binary_crossentropy,0.5,<class 'tensorflow.python.keras.optimizer_v2.nadam.Nadam'>,False
142,0.5550098724365234,0.828000009059906,0.5425992012023926,0.2045344354212284,0.9245333,0.78654665,relu,sigmoid,30,0.16,142,normal,65,29,20,binary_crossentropy,1,<class 'tensorflow.python.keras.optimizer_v2.rmsprop.RMSprop'>,False
148,0.3228879725933075,0.8791999816894531,0.5992021560668945,0.3251028279066086,0.8608,0.5780181,elu,sigmoid,30,0.0,148,normal,29,38,29,binary_crossentropy,0.5,<class 'tensorflow.python.keras.optimizer_v2.rmsprop.RMSprop'>,True
142,0.402874066233635,0.848800003528595,0.4708961844444275,0.3504611203670502,0.8594667,0.5481328,relu,sigmoid,30,0.08,142,normal,20,38,20,binary_crossentropy,0.5,<class 'tensorflow.python.keras.optimizer_v2.nadam.Nadam'>,False
112,0.34623170602321623,0.8687999844551086,0.5807315707206726,0.28986640934149427,0.88373333,0.6475309,relu,sigmoid,55,0.24,112,uniform,47,20,29,binary_crossentropy,1,<class 'tensorflow.python.keras.optimizer_v2.adam.Adam'>,True
112,0.33992429840564725,0.8664000034332275,0.5545101761817932,0.309846009016037,0.8674667,0.59416604,elu,sigmoid,30,0.0,112,uniform,92,56,38,binary_crossentropy,0.5,<class 'tensorflow.python.keras.optimizer_v2.nadam.Nadam'>,True
124,0.32482854026556013,0.8727999925613403,0.5925147533416748,0.3217903746366501,0.86,0.59447473,elu,sigmoid,65,0.0,124,normal,92,29,20,binary_crossentropy,0.5,<class 'tensorflow.python.keras.optimizer_v2.adam.Adam'>,False
106,0.34877587270736693,0.8687999844551086,0.5722573399543762,0.307389645020167,0.8696,0.62402785,relu,sigmoid,40,0.32,106,normal,20,47,29,binary_crossentropy,1,<class 'tensorflow.python.keras.optimizer_v2.rmsprop.RMSprop'>,False
130,0.4646525472402573,0.828000009059906,0.5362333059310913,0.24014363716046017,0.9024,0.72072273,relu,sigmoid,50,0.0,130,uniform,38,47,29,binary_crossentropy,1,<class 'tensorflow.python.keras.optimizer_v2.adam.Adam'>,False
124,0.4864667212963104,0.848800003528595,0.5485445261001587,0.20786747723817825,0.9112,0.76439244,elu,sigmoid,50,0.08,124,normal,92,56,20,binary_crossentropy,1,<class 'tensorflow.python.keras.optimizer_v2.nadam.Nadam'>,False
118,0.3681802614927292,0.8600000143051147,0.5611933469772339,0.30226738131046293,0.8757333,0.6455035,relu,sigmoid,45,0.16,118,normal,20,47,38,binary_crossentropy,1,<class 'tensorflow.python.keras.optimizer_v2.rmsprop.RMSprop'>,True
124,0.3413499137759209,0.8623999953269958,0.5624788403511047,0.30265750414133075,0.8797333,0.64452183,relu,sigmoid,65,0.32,124,normal,38,20,29,binary_crossentropy,0.5,<class 'tensorflow.python.keras.optimizer_v2.adam.Adam'>,False
142,0.33414130300283434,0.8727999925613403,0.5610377192497253,0.320289384663105,0.8693333,0.6046451,elu,sigmoid,35,0.32,142,normal,56,38,20,binary_crossentropy,1,<class 'tensorflow.python.keras.optimizer_v2.rmsprop.RMSprop'>,True
124,0.4405577636063099,0.8511999845504761,0.5194859504699707,0.21875348310669263,0.9194667,0.75932604,relu,sigmoid,35,0.08,124,normal,83,20,38,binary_crossentropy,0.5,<class 'tensorflow.python.keras.optimizer_v2.adam.Adam'>,True
136,0.33899541521072385,0.8664000034332275,0.5706497430801392,0.2964175689816475,0.8770667,0.6367076,elu,sigmoid,30,0.0,136,normal,65,20,38,binary_crossentropy,0.5,<class 'tensorflow.python.keras.optimizer_v2.nadam.Nadam'>,False
124,0.5148875485658646,0.8407999873161316,0.5555803775787354,0.18443797622124353,0.9325333,0.81872064,relu,sigmoid,65,0.4,124,normal,83,20,29,binary_crossentropy,1,<class 'tensorflow.python.keras.optimizer_v2.adam.Adam'>,True
118,0.32501056003570555,0.8736000061035156,0.5958054065704346,0.31897926990191144,0.8645333,0.5927469,elu,sigmoid,40,0.32,118,uniform,83,56,29,binary_crossentropy,0.5,<class 'tensorflow.python.keras.optimizer_v2.nadam.Nadam'>,True
112,0.3727299289703369,0.8679999709129333,0.5947555899620056,0.2734082487424215,0.88853335,0.68524706,relu,sigmoid,40,0.16,112,normal,20,47,38,binary_crossentropy,1,<class 'tensorflow.python.keras.optimizer_v2.adam.Adam'>,True
142,0.33500581765174864,0.8712000250816345,0.5591437220573425,0.3377606086730957,0.8584,0.57612085,elu,sigmoid,30,0.32,142,uniform,20,47,29,binary_crossentropy,0.5,<class 'tensorflow.python.keras.optimizer_v2.rmsprop.RMSprop'>,False
142,0.5778121201395988,0.8407999873161316,0.5304706692695618,0.18067485396564006,0.92693335,0.7923506,relu,sigmoid,45,0.32,142,uniform,83,38,20,binary_crossentropy,1,<class 'tensorflow.python.keras.optimizer_v2.adam.Adam'>,True
106,0.3856421951651573,0.8575999736785889,0.5522228479385376,0.24459882614016532,0.9005333,0.7159484,relu,sigmoid,35,0.08,106,uniform,92,20,20,binary_crossentropy,0.5,<class 'tensorflow.python.keras.optimizer_v2.adam.Adam'>,False
124,0.4104520480632782,0.8447999954223633,0.5221898555755615,0.26300702333450315,0.8965333,0.7020483,relu,sigmoid,30,0.24,124,uniform,38,47,38,binary_crossentropy,1,<class 'tensorflow.python.keras.optimizer_v2.rmsprop.RMSprop'>,True
148,0.3250060534477234,0.8776000142097473,0.607336699962616,0.3164698121746381,0.86613333,0.619,elu,sigmoid,65,0.4,148,normal,56,47,29,binary_crossentropy,1,<class 'tensorflow.python.keras.optimizer_v2.adam.Adam'>,False
130,0.8056279399394989,0.8216000199317932,0.5202084183692932,0.15263807916641237,0.9349333,0.82663643,relu,sigmoid,60,0.08,130,normal,65,20,20,binary_crossentropy,1,<class 'tensorflow.python.keras.optimizer_v2.nadam.Nadam'>,True
136,0.32330047166347503,0.871999979019165,0.5805764198303223,0.3232658401926359,0.86826664,0.6098861,elu,sigmoid,55,0.32,136,uniform,65,20,20,binary_crossentropy,0.5,<class 'tensorflow.python.keras.optimizer_v2.nadam.Nadam'>,False
136,0.5290925650000572,0.8119999766349792,0.5147467851638794,0.21638579588135085,0.91546667,0.7703961,relu,sigmoid,55,0.32,136,normal,92,56,29,binary_crossentropy,0.5,<class 'tensorflow.python.keras.optimizer_v2.rmsprop.RMSprop'>,False
124,0.3291345555782318,0.8655999898910522,0.580686628818512,0.3279763491948446,0.86613333,0.6007341,elu,sigmoid,40,0.4,124,normal,65,38,38,binary_crossentropy,0.5,<class 'tensorflow.python.keras.optimizer_v2.rmsprop.RMSprop'>,True
106,0.39927402085065844,0.8551999926567078,0.5905316472053528,0.24148752623796463,0.90426666,0.73167396,relu,sigmoid,65,0.08,106,uniform,92,47,38,binary_crossentropy,0.5,<class 'tensorflow.python.keras.optimizer_v2.adam.Adam'>,False
130,0.4083774021267891,0.8416000008583069,0.5200024843215942,0.26195910666386285,0.8992,0.7131054,relu,sigmoid,65,0.24,130,normal,29,29,38,binary_crossentropy,0.5,<class 'tensorflow.python.keras.optimizer_v2.nadam.Nadam'>,False
112,0.3279296959042549,0.8751999735832214,0.5728362202644348,0.3290899909138679,0.85973334,0.5793034,elu,sigmoid,45,0.08,112,uniform,20,29,29,binary_crossentropy,1,<class 'tensorflow.python.keras.optimizer_v2.adam.Adam'>,False
124,0.3299855580329895,0.8679999709129333,0.6027532815933228,0.3263022686243057,0.8621333,0.5886558,elu,sigmoid,65,0.24,124,normal,83,29,38,binary_crossentropy,0.5,<class 'tensorflow.python.keras.optimizer_v2.rmsprop.RMSprop'>,True
130,0.35529481571912763,0.8503999710083008,0.5769522786140442,0.3131489363312721,0.8768,0.6500103,relu,sigmoid,45,0.32,130,normal,20,38,20,binary_crossentropy,1,<class 'tensorflow.python.keras.optimizer_v2.rmsprop.RMSprop'>,True
106,0.9079834007620812,0.8176000118255615,0.5332150459289551,0.10587621553180118,0.9528,0.88235927,relu,sigmoid,35,0.08,106,uniform,65,38,38,binary_crossentropy,1,<class 'tensorflow.python.keras.optimizer_v2.nadam.Nadam'>,True
136,0.3236395579576492,0.8679999709129333,0.5532866716384888,0.3336427672704061,0.86,0.5813878,elu,sigmoid,50,0.4,136,uniform,20,38,20,binary_crossentropy,1,<class 'tensorflow.python.keras.optimizer_v2.adam.Adam'>,False
142,1.2574306643009185,0.828000009059906,0.5389953851699829,0.07663356021046638,0.9736,0.9304294,relu,sigmoid,50,0.24,142,uniform,65,47,29,binary_crossentropy,1,<class 'tensorflow.python.keras.optimizer_v2.nadam.Nadam'>,True
130,0.4077117464542389,0.8551999926567078,0.5374348759651184,0.24937424266338348,0.8997333,0.7141474,relu,sigmoid,60,0.0,130,uniform,47,38,38,binary_crossentropy,0.5,<class 'tensorflow.python.keras.optimizer_v2.adam.Adam'>,True
112,0.3839246225357056,0.8560000061988831,0.5274602770805359,0.30382541557153064,0.87946665,0.6584468,relu,sigmoid,50,0.16,112,uniform,20,56,20,binary_crossentropy,1,<class 'tensorflow.python.keras.optimizer_v2.adam.Adam'>,True
112,0.3818273496031761,0.8519999980926514,0.5398526191711426,0.2616790382266045,0.89253336,0.6781279,relu,sigmoid,45,0.08,112,normal,47,47,20,binary_crossentropy,0.5,<class 'tensorflow.python.keras.optimizer_v2.adam.Adam'>,False
130,0.5310824394226075,0.8176000118255615,0.4979848563671112,0.1836323606967926,0.936,0.83029413,relu,sigmoid,50,0.24,130,normal,65,20,29,binary_crossentropy,0.5,<class 'tensorflow.python.keras.optimizer_v2.nadam.Nadam'>,False
136,0.3257956147193909,0.8687999844551086,0.5877761840820312,0.32051630308230716,0.86773336,0.61438686,elu,sigmoid,65,0.16,136,uniform,74,38,20,binary_crossentropy,0.5,<class 'tensorflow.python.keras.optimizer_v2.nadam.Nadam'>,True
106,0.38536129117012025,0.864799976348877,0.552574872970581,0.27043408473332725,0.8882667,0.6816196,relu,sigmoid,50,0.4,106,normal,38,38,20,binary_crossentropy,1,<class 'tensorflow.python.keras.optimizer_v2.adam.Adam'>,True
112,0.3442948693037033,0.8695999979972839,0.5582038164138794,0.2951010333498319,0.8784,0.6512987,elu,sigmoid,50,0.0,112,normal,29,56,20,binary_crossentropy,1,<class 'tensorflow.python.keras.optimizer_v2.nadam.Nadam'>,True
106,0.3810226544737816,0.8600000143051147,0.5478445887565613,0.2683105022907257,0.88666666,0.67060685,relu,sigmoid,30,0.0,106,normal,20,56,38,binary_crossentropy,0.5,<class 'tensorflow.python.keras.optimizer_v2.nadam.Nadam'>,False
136,0.34742876982688903,0.8615999817848206,0.5722936391830444,0.29625324686368304,0.8778667,0.6432556,elu,sigmoid,40,0.24,136,uniform,56,20,29,binary_crossentropy,1,<class 'tensorflow.python.keras.optimizer_v2.nadam.Nadam'>,False
136,0.3260490312576294,0.8744000196456909,0.580390453338623,0.32484663995107016,0.86293334,0.59300655,elu,sigmoid,40,0.16,136,normal,74,20,29,binary_crossentropy,0.5,<class 'tensorflow.python.keras.optimizer_v2.rmsprop.RMSprop'>,True
100,0.3246226699352264,0.871999979019165,0.5680797100067139,0.3210168800354004,0.86586666,0.58042824,elu,sigmoid,35,0.08,100,uniform,92,29,20,binary_crossentropy,0.5,<class 'tensorflow.python.keras.optimizer_v2.nadam.Nadam'>,True
118,0.33107749700546263,0.8672000169754028,0.5789991617202759,0.31655780982971193,0.8656,0.5946436,elu,sigmoid,60,0.08,118,uniform,83,56,29,binary_crossentropy,1,<class 'tensorflow.python.keras.optimizer_v2.adam.Adam'>,True
100,0.3266194976568222,0.8736000061035156,0.5896367430686951,0.3337919349273046,0.8562667,0.56525594,elu,sigmoid,55,0.16,100,uniform,38,20,29,binary_crossentropy,0.5,<class 'tensorflow.python.keras.optimizer_v2.adam.Adam'>,False
124,0.3285156642198563,0.8640000224113464,0.5767643451690674,0.3169490647315979,0.86826664,0.61344343,elu,sigmoid,65,0.16,124,normal,83,56,38,binary_crossentropy,1,<class 'tensorflow.python.keras.optimizer_v2.rmsprop.RMSprop'>,False
106,0.363312884747982,0.8575999736785889,0.5694383382797241,0.3006006732583046,0.88266665,0.6620816,relu,sigmoid,65,0.24,106,normal,29,56,20,binary_crossentropy,0.5,<class 'tensorflow.python.keras.optimizer_v2.adam.Adam'>,False
136,0.33022439539432524,0.8687999844551086,0.583494246006012,0.31602674335241315,0.86586666,0.59009135,elu,sigmoid,45,0.24,136,uniform,92,47,20,binary_crossentropy,0.5,<class 'tensorflow.python.keras.optimizer_v2.nadam.Nadam'>,True
124,0.39386410254240034,0.8551999926567078,0.5590653419494629,0.25923373384277026,0.8952,0.70110637,relu,sigmoid,35,0.08,124,uniform,29,38,38,binary_crossentropy,1,<class 'tensorflow.python.keras.optimizer_v2.adam.Adam'>,False
100,0.36545269203186037,0.8464000225067139,0.5196242928504944,0.28855535143613814,0.88133335,0.6391459,elu,sigmoid,35,0.24,100,normal,65,29,20,binary_crossentropy,1,<class 'tensorflow.python.keras.optimizer_v2.nadam.Nadam'>,True
112,0.5378023490309716,0.8615999817848206,0.5562700629234314,0.19929860507696867,0.92186666,0.78982407,relu,sigmoid,45,0.24,112,normal,83,29,38,binary_crossentropy,1,<class 'tensorflow.python.keras.optimizer_v2.rmsprop.RMSprop'>,True
130,0.3505019022226334,0.8592000007629395,0.5729163885116577,0.31174961976210275,0.87493336,0.6413375,relu,sigmoid,65,0.08,130,normal,29,20,20,binary_crossentropy,0.5,<class 'tensorflow.python.keras.optimizer_v2.rmsprop.RMSprop'>,True
136,0.3316849477291107,0.8736000061035156,0.5827394127845764,0.3273592791557312,0.8645333,0.59175,elu,sigmoid,40,0.32,136,uniform,56,56,38,binary_crossentropy,0.5,<class 'tensorflow.python.keras.optimizer_v2.adam.Adam'>,False
106,0.5776634232997895,0.8447999954223633,0.573081374168396,0.17459669244289397,0.93093336,0.80304927,relu,sigmoid,40,0.24,106,uniform,74,47,29,binary_crossentropy,0.5,<class 'tensorflow.python.keras.optimizer_v2.nadam.Nadam'>,True
136,0.3990972133874893,0.8551999926567078,0.5322179198265076,0.27619399353861807,0.8922667,0.68371195,relu,sigmoid,35,0.08,136,normal,20,29,29,binary_crossentropy,1,<class 'tensorflow.python.keras.optimizer_v2.adam.Adam'>,True
100,0.3905835156440735,0.8464000225067139,0.5622536540031433,0.26978108672300977,0.89173335,0.6957907,relu,sigmoid,40,0.08,100,uniform,38,56,29,binary_crossentropy,1,<class 'tensorflow.python.keras.optimizer_v2.rmsprop.RMSprop'>,False
130,0.5486314567923546,0.8399999737739563,0.5373424291610718,0.2056587309539318,0.9170667,0.7608723,relu,sigmoid,30,0.0,130,uniform,56,47,38,binary_crossentropy,1,<class 'tensorflow.python.keras.optimizer_v2.rmsprop.RMSprop'>,False
148,0.738935726583004,0.8335999846458435,0.5519415736198425,0.14017253552377223,0.9442667,0.8549291,relu,sigmoid,45,0.32,148,uniform,65,56,38,binary_crossentropy,1,<class 'tensorflow.python.keras.optimizer_v2.adam.Adam'>,True
106,0.38245916724205015,0.8575999736785889,0.5523815751075745,0.26925504392385485,0.8914667,0.68303853,relu,sigmoid,45,0.08,106,uniform,65,47,29,binary_crossentropy,0.5,<class 'tensorflow.python.keras.optimizer_v2.rmsprop.RMSprop'>,False
130,0.425622997045517,0.8575999736785889,0.5648441910743713,0.2440901885032654,0.89706665,0.7101578,relu,sigmoid,60,0.0,130,uniform,65,38,29,binary_crossentropy,1,<class 'tensorflow.python.keras.optimizer_v2.rmsprop.RMSprop'>,False
130,0.3244231342077255,0.871999979019165,0.5731974840164185,0.33141112720966337,0.8602667,0.57114744,elu,sigmoid,30,0.08,130,uniform,20,56,29,binary_crossentropy,0.5,<class 'tensorflow.python.keras.optimizer_v2.adam.Adam'>,True
118,0.40089121627807617,0.8600000143051147,0.5544917583465576,0.2652065135439237,0.8968,0.6984737,relu,sigmoid,35,0.16,118,uniform,29,38,20,binary_crossentropy,0.5,<class 'tensorflow.python.keras.optimizer_v2.nadam.Nadam'>,False
124,1.0433545340895654,0.8144000172615051,0.5119596719741821,0.09844778517633676,0.96213335,0.89607227,relu,sigmoid,35,0.0,124,uniform,74,29,29,binary_crossentropy,1,<class 'tensorflow.python.keras.optimizer_v2.nadam.Nadam'>,False
130,0.3329324476718903,0.871999979019165,0.5936200022697449,0.3123287167549133,0.87226665,0.6278172,elu,sigmoid,65,0.16,130,normal,56,47,29,binary_crossentropy,1,<class 'tensorflow.python.keras.optimizer_v2.adam.Adam'>,True
148,0.6369707795977593,0.8464000225067139,0.5130415558815002,0.15981968162953852,0.9312,0.81768435,relu,sigmoid,55,0.24,148,uniform,74,56,29,binary_crossentropy,1,<class 'tensorflow.python.keras.optimizer_v2.adam.Adam'>,True
136,0.329187878370285,0.8679999709129333,0.551193118095398,0.3189838002125422,0.86506665,0.59951603,elu,sigmoid,50,0.16,136,uniform,92,38,20,binary_crossentropy,0.5,<class 'tensorflow.python.keras.optimizer_v2.nadam.Nadam'>,True
118,0.3778670905828476,0.8632000088691711,0.5699200630187988,0.28183097424109776,0.8848,0.6737367,relu,sigmoid,65,0.08,118,uniform,29,47,38,binary_crossentropy,1,<class 'tensorflow.python.keras.optimizer_v2.adam.Adam'>,False
142,0.33683881306648256,0.8679999709129333,0.5673909783363342,0.3370132084488869,0.8608,0.5923289,elu,sigmoid,45,0.32,142,uniform,20,20,20,binary_crossentropy,0.5,<class 'tensorflow.python.keras.optimizer_v2.rmsprop.RMSprop'>,False
142,0.4947433598637581,0.8424000144004822,0.534829318523407,0.20934869090219338,0.92266667,0.7727309,relu,sigmoid,35,0.4,142,normal,65,38,38,binary_crossentropy,0.5,<class 'tensorflow.python.keras.optimizer_v2.adam.Adam'>,False
112,0.34537309455871584,0.8679999709129333,0.5716294050216675,0.31390936082601545,0.86986667,0.62654865,relu,sigmoid,45,0.24,112,uniform,47,20,38,binary_crossentropy,0.5,<class 'tensorflow.python.keras.optimizer_v2.rmsprop.RMSprop'>,False
106,0.32759336990118026,0.8679999709129333,0.573553740978241,0.33316472174723943,0.8602667,0.5806935,elu,sigmoid,35,0.16,106,uniform,56,20,29,binary_crossentropy,0.5,<class 'tensorflow.python.keras.optimizer_v2.rmsprop.RMSprop'>,False
100,0.3408573851585388,0.8640000224113464,0.5843504667282104,0.3007199969291687,0.8765333,0.6436567,relu,sigmoid,60,0.0,100,normal,20,56,20,binary_crossentropy,0.5,<class 'tensorflow.python.keras.optimizer_v2.adam.Adam'>,False
106,0.4396332594752312,0.8600000143051147,0.5650716423988342,0.258657863120238,0.8968,0.71963334,relu,sigmoid,65,0.32,106,uniform,56,38,29,binary_crossentropy,1,<class 'tensorflow.python.keras.optimizer_v2.rmsprop.RMSprop'>,True
106,0.46654320001602173,0.8615999817848206,0.5359650254249573,0.23319478690624237,0.904,0.729223,relu,sigmoid,50,0.4,106,normal,65,56,29,binary_crossentropy,1,<class 'tensorflow.python.keras.optimizer_v2.rmsprop.RMSprop'>,False
136,0.37520253002643583,0.8600000143051147,0.5641735196113586,0.31087078392505646,0.87946665,0.6351116,relu,sigmoid,50,0.32,136,uniform,29,29,20,binary_crossentropy,1,<class 'tensorflow.python.keras.optimizer_v2.rmsprop.RMSprop'>,False
136,0.3763699352145195,0.8543999791145325,0.5705379843711853,0.27637010157108305,0.88773334,0.6749673,relu,sigmoid,45,0.16,136,normal,38,29,38,binary_crossentropy,0.5,<class 'tensorflow.python.keras.optimizer_v2.rmsprop.RMSprop'>,False
124,1.2009369615316392,0.8008000254631042,0.5133702754974365,0.08323020068804424,0.96613336,0.9154042,relu,sigmoid,40,0.08,124,normal,83,38,20,binary_crossentropy,1,<class 'tensorflow.python.keras.optimizer_v2.nadam.Nadam'>,True
106,0.3253810660839081,0.8704000115394592,0.559621274471283,0.32469991902510326,0.8648,0.59914356,elu,sigmoid,55,0.08,106,normal,29,38,20,binary_crossentropy,1,<class 'tensorflow.python.keras.optimizer_v2.rmsprop.RMSprop'>,False
142,0.36038833498954775,0.8672000169754028,0.5658664107322693,0.2823489940166473,0.8888,0.6706899,relu,sigmoid,50,0.32,142,uniform,20,56,38,binary_crossentropy,1,<class 'tensorflow.python.keras.optimizer_v2.adam.Adam'>,True
124,0.32924215656518935,0.8679999709129333,0.5712276101112366,0.3314104093313217,0.85973334,0.5712071,elu,sigmoid,55,0.08,124,uniform,29,38,20,binary_crossentropy,0.5,<class 'tensorflow.python.keras.optimizer_v2.adam.Adam'>,False
142,0.37001328539848327,0.8519999980926514,0.5515937805175781,0.27779890100161236,0.8904,0.6770416,relu,sigmoid,40,0.32,142,normal,29,29,29,binary_crossentropy,0.5,<class 'tensorflow.python.keras.optimizer_v2.adam.Adam'>,True
112,0.37086943489313123,0.8592000007629395,0.5198423266410828,0.31282828384637834,0.8645333,0.60202795,relu,sigmoid,45,0.08,112,normal,29,38,38,binary_crossentropy,0.5,<class 'tensorflow.python.keras.optimizer_v2.rmsprop.RMSprop'>,True
142,0.33766022986173627,0.8592000007629395,0.5912765860557556,0.3133760434786479,0.86826664,0.6126834,elu,sigmoid,65,0.0,142,normal,29,38,20,binary_crossentropy,0.5,<class 'tensorflow.python.keras.optimizer_v2.nadam.Nadam'>,True
100,0.34803449988365176,0.86080002784729,0.5567592978477478,0.3074289951721827,0.8778667,0.6443651,relu,sigmoid,50,0.32,100,normal,20,20,29,binary_crossentropy,1,<class 'tensorflow.python.keras.optimizer_v2.adam.Adam'>,True
100,0.3666497876644135,0.8568000197410583,0.5502427220344543,0.27122894418239596,0.8992,0.7000735,relu,sigmoid,40,0.24,100,normal,83,20,20,binary_crossentropy,0.5,<class 'tensorflow.python.keras.optimizer_v2.adam.Adam'>,True
106,0.32191851139068606,0.8736000061035156,0.5836324691772461,0.32614394640922545,0.86266667,0.59873825,elu,sigmoid,40,0.0,106,normal,92,20,29,binary_crossentropy,0.5,<class 'tensorflow.python.keras.optimizer_v2.rmsprop.RMSprop'>,True
130,0.3357453153729439,0.864799976348877,0.5852330327033997,0.29612162429094313,0.87333333,0.63916475,relu,sigmoid,65,0.0,130,normal,20,56,38,binary_crossentropy,0.5,<class 'tensorflow.python.keras.optimizer_v2.adam.Adam'>,True
136,0.33033197224140165,0.8687999844551086,0.576512336730957,0.31351107875506085,0.86906666,0.62677383,elu,sigmoid,50,0.16,136,normal,56,38,38,binary_crossentropy,1,<class 'tensorflow.python.keras.optimizer_v2.rmsprop.RMSprop'>,False
142,0.5348825912475585,0.843999981880188,0.5427596569061279,0.17247067018349965,0.93093336,0.8049574,relu,sigmoid,40,0.16,142,normal,56,29,38,binary_crossentropy,0.5,<class 'tensorflow.python.keras.optimizer_v2.nadam.Nadam'>,True
130,0.3728678619861603,0.86080002784729,0.5679144263267517,0.26392379665374754,0.8933333,0.6922655,elu,sigmoid,60,0.32,130,normal,74,56,38,binary_crossentropy,1,<class 'tensorflow.python.keras.optimizer_v2.nadam.Nadam'>,True
148,0.39108799695968627,0.8632000088691711,0.5464884042739868,0.25231185416380564,0.90133333,0.721234,relu,sigmoid,50,0.16,148,uniform,74,56,20,binary_crossentropy,0.5,<class 'tensorflow.python.keras.optimizer_v2.rmsprop.RMSprop'>,True
124,0.3559500825405121,0.8543999791145325,0.5396491289138794,0.31264762381712596,0.87626666,0.65200996,relu,sigmoid,50,0.24,124,uniform,38,29,20,binary_crossentropy,0.5,<class 'tensorflow.python.keras.optimizer_v2.rmsprop.RMSprop'>,False
124,0.33353601187467574,0.8655999898910522,0.5809648036956787,0.3293113372127215,0.8616,0.58127105,elu,sigmoid,35,0.08,124,uniform,92,29,20,binary_crossentropy,0.5,<class 'tensorflow.python.keras.optimizer_v2.rmsprop.RMSprop'>,True
136,0.3256036013364792,0.871999979019165,0.5748878121376038,0.3184955428044001,0.86586666,0.60135835,elu,sigmoid,50,0.4,136,uniform,83,38,38,binary_crossentropy,0.5,<class 'tensorflow.python.keras.optimizer_v2.nadam.Nadam'>,False
106,0.34955805456638334,0.8632000088691711,0.5501563549041748,0.31097648209333417,0.8810667,0.6335226,relu,sigmoid,30,0.4,106,uniform,20,29,20,binary_crossentropy,1,<class 'tensorflow.python.keras.optimizer_v2.rmsprop.RMSprop'>,True
106,0.39259451973438264,0.8503999710083008,0.46537643671035767,0.39633822174866995,0.83893335,0.4645426,relu,sigmoid,55,0.32,106,uniform,20,20,20,binary_crossentropy,0.5,<class 'tensorflow.python.keras.optimizer_v2.nadam.Nadam'>,True
142,0.32765988779067995,0.8695999979972839,0.5769821405410767,0.3303757092952728,0.86373335,0.5968619,elu,sigmoid,60,0.24,142,uniform,29,29,20,binary_crossentropy,0.5,<class 'tensorflow.python.keras.optimizer_v2.adam.Adam'>,True
142,0.3356588512659073,0.8687999844551086,0.586799144744873,0.3062361677487691,0.8725333,0.6237541,elu,sigmoid,50,0.32,142,normal,83,56,38,binary_crossentropy,0.5,<class 'tensorflow.python.keras.optimizer_v2.nadam.Nadam'>,True
124,0.32731907629966733,0.8679999709129333,0.5832892060279846,0.32948362493515015,0.8648,0.597559,elu,sigmoid,45,0.32,124,normal,47,47,38,binary_crossentropy,0.5,<class 'tensorflow.python.keras.optimizer_v2.rmsprop.RMSprop'>,True
112,0.3249124960303307,0.8751999735832214,0.5784069299697876,0.32205038411418596,0.8645333,0.60038215,elu,sigmoid,35,0.32,112,uniform,56,29,29,binary_crossentropy,1,<class 'tensorflow.python.keras.optimizer_v2.adam.Adam'>,True
148,0.9851354515552521,0.8248000144958496,0.5220016241073608,0.10045941544075807,0.94586664,0.8536871,relu,sigmoid,50,0.4,148,normal,92,47,29,binary_crossentropy,1,<class 'tensorflow.python.keras.optimizer_v2.adam.Adam'>,True
118,0.7795964138507843,0.8464000225067139,0.5063847899436951,0.1543262421488762,0.93733335,0.83606404,relu,sigmoid,45,0.0,118,normal,38,38,29,binary_crossentropy,1,<class 'tensorflow.python.keras.optimizer_v2.nadam.Nadam'>,True
100,0.33148827743530274,0.8664000034332275,0.5767682194709778,0.33246682965755464,0.85973334,0.5868646,elu,sigmoid,45,0.24,100,uniform,56,29,20,binary_crossentropy,0.5,<class 'tensorflow.python.keras.optimizer_v2.adam.Adam'>,False
118,0.8610939749479294,0.8343999981880188,0.5516975522041321,0.16017346775531768,0.92586666,0.79352164,relu,sigmoid,40,0.24,118,normal,47,29,20,binary_crossentropy,1,<class 'tensorflow.python.keras.optimizer_v2.nadam.Nadam'>,False
106,0.32771892857551577,0.8632000088691711,0.5566797256469727,0.3231470405161381,0.86506665,0.6059262,elu,sigmoid,35,0.4,106,normal,56,29,29,binary_crossentropy,0.5,<class 'tensorflow.python.keras.optimizer_v2.nadam.Nadam'>,False
100,0.32896376407146455,0.8679999709129333,0.570630669593811,0.32121942418813704,0.8653333,0.6031401,elu,sigmoid,35,0.4,100,normal,20,20,29,binary_crossentropy,1,<class 'tensorflow.python.keras.optimizer_v2.nadam.Nadam'>,False
106,0.4914154952764511,0.828000009059906,0.5324203968048096,0.2269886776804924,0.9088,0.7412291,relu,sigmoid,50,0.4,106,normal,65,20,29,binary_crossentropy,0.5,<class 'tensorflow.python.keras.optimizer_v2.nadam.Nadam'>,False
142,0.32271456146240235,0.8712000250816345,0.578515887260437,0.32713887017965315,0.8621333,0.5688996,elu,sigmoid,30,0.4,142,uniform,74,29,20,binary_crossentropy,0.5,<class 'tensorflow.python.keras.optimizer_v2.adam.Adam'>,False
136,0.4295847742557526,0.8432000279426575,0.5190956592559814,0.25917788690328597,0.8965333,0.7049989,relu,sigmoid,30,0.24,136,uniform,38,29,20,binary_crossentropy,1,<class 'tensorflow.python.keras.optimizer_v2.adam.Adam'>,False
142,0.32706303203105924,0.8712000250816345,0.5817269682884216,0.32924153461058936,0.86373335,0.5985064,elu,sigmoid,65,0.4,142,normal,20,29,38,binary_crossentropy,1,<class 'tensorflow.python.keras.optimizer_v2.adam.Adam'>,False
118,0.41655400782823565,0.8519999980926514,0.5493868589401245,0.2194920301437378,0.9149333,0.7583359,relu,sigmoid,30,0.08,118,normal,83,29,38,binary_crossentropy,0.5,<class 'tensorflow.python.keras.optimizer_v2.rmsprop.RMSprop'>,False
106,0.32823609733581544,0.8784000277519226,0.5977224111557007,0.33566728806495666,0.85786664,0.57796127,elu,sigmoid,60,0.32,106,uniform,20,47,20,binary_crossentropy,0.5,<class 'tensorflow.python.keras.optimizer_v2.adam.Adam'>,True
130,0.339023366689682,0.8655999898910522,0.5839686989784241,0.3306249641577403,0.86,0.57476264,elu,sigmoid,40,0.32,130,uniform,65,38,38,binary_crossentropy,0.5,<class 'tensorflow.python.keras.optimizer_v2.adam.Adam'>,False
124,0.6483888338208199,0.8416000008583069,0.47978320717811584,0.1533984592507283,0.936,0.82894707,relu,sigmoid,35,0.0,124,normal,92,20,20,binary_crossentropy,1,<class 'tensorflow.python.keras.optimizer_v2.adam.Adam'>,True
106,0.37319216459989546,0.8592000007629395,0.5423657298088074,0.2661863306164742,0.8922667,0.6886805,relu,sigmoid,30,0.24,106,normal,47,29,38,binary_crossentropy,0.5,<class 'tensorflow.python.keras.optimizer_v2.adam.Adam'>,False
106,0.33000385546684263,0.8751999735832214,0.5800843834877014,0.3353324301242828,0.8608,0.57142764,elu,sigmoid,60,0.24,106,uniform,20,47,29,binary_crossentropy,1,<class 'tensorflow.python.keras.optimizer_v2.rmsprop.RMSprop'>,True
124,0.3824469306468964,0.8511999845504761,0.5633671879768372,0.2796744896173477,0.8944,0.67946917,relu,sigmoid,40,0.16,124,uniform,38,47,29,binary_crossentropy,0.5,<class 'tensorflow.python.keras.optimizer_v2.adam.Adam'>,True
124,0.39090106964111326,0.848800003528595,0.5608746409416199,0.2557236697077751,0.90133333,0.7163116,relu,sigmoid,45,0.16,124,normal,65,47,20,binary_crossentropy,0.5,<class 'tensorflow.python.keras.optimizer_v2.rmsprop.RMSprop'>,True
106,0.3318281624317169,0.8727999925613403,0.5839856266975403,0.3146112228631973,0.8672,0.6045868,elu,sigmoid,55,0.32,106,uniform,92,38,20,binary_crossentropy,1,<class 'tensorflow.python.keras.optimizer_v2.nadam.Nadam'>,True
106,0.3344081348180771,0.8704000115394592,0.5861932039260864,0.32303196454048155,0.8656,0.58186877,elu,sigmoid,30,0.0,106,uniform,56,47,29,binary_crossentropy,1,<class 'tensorflow.python.keras.optimizer_v2.rmsprop.RMSprop'>,True
112,0.330054976940155,0.8759999871253967,0.5894778966903687,0.3122963173389435,0.8696,0.61000353,elu,sigmoid,40,0.08,112,normal,47,47,29,binary_crossentropy,0.5,<class 'tensorflow.python.keras.optimizer_v2.nadam.Nadam'>,False
118,0.36405843019485473,0.8655999898910522,0.5778198838233948,0.29435304284095765,0.8821333,0.65879333,relu,sigmoid,60,0.24,118,uniform,47,20,38,binary_crossentropy,1,<class 'tensorflow.python.keras.optimizer_v2.rmsprop.RMSprop'>,False
112,0.32229107737541196,0.8799999952316284,0.5896078944206238,0.3248486806154251,0.86266667,0.59809697,elu,sigmoid,60,0.24,112,normal,65,38,20,binary_crossentropy,0.5,<class 'tensorflow.python.keras.optimizer_v2.adam.Adam'>,True
130,0.3319846388101578,0.8704000115394592,0.5571368932723999,0.3263802611033122,0.8653333,0.5906556,elu,sigmoid,35,0.4,130,normal,56,56,29,binary_crossentropy,0.5,<class 'tensorflow.python.keras.optimizer_v2.rmsprop.RMSprop'>,False
112,0.3247975379228592,0.8695999979972839,0.5624659061431885,0.3180764991939068,0.86586666,0.5937312,elu,sigmoid,35,0.24,112,normal,20,29,20,binary_crossentropy,1,<class 'tensorflow.python.keras.optimizer_v2.nadam.Nadam'>,False
112,0.3876726791858673,0.8568000197410583,0.5700014233589172,0.2527331713438034,0.8896,0.6950361,elu,sigmoid,40,0.0,112,normal,83,20,29,binary_crossentropy,1,<class 'tensorflow.python.keras.optimizer_v2.nadam.Nadam'>,False
118,0.32672920167446134,0.8687999844551086,0.5863772034645081,0.3156112756729126,0.8685333,0.61158895,elu,sigmoid,45,0.24,118,normal,65,20,20,binary_crossentropy,1,<class 'tensorflow.python.keras.optimizer_v2.adam.Adam'>,False
100,0.626234176158905,0.8112000226974487,0.5363260507583618,0.18842560501396657,0.9213333,0.7795326,relu,sigmoid,35,0.08,100,normal,83,47,38,binary_crossentropy,1,<class 'tensorflow.python.keras.optimizer_v2.rmsprop.RMSprop'>,False
118,0.4195372226238251,0.8399999737739563,0.5731499195098877,0.23585838216543198,0.9064,0.7363209,relu,sigmoid,65,0.32,118,uniform,83,20,38,binary_crossentropy,1,<class 'tensorflow.python.keras.optimizer_v2.rmsprop.RMSprop'>,True
136,0.5500235207080841,0.8367999792098999,0.5293332934379578,0.1962517032722632,0.9221333,0.78473514,relu,sigmoid,65,0.16,136,normal,83,20,20,binary_crossentropy,1,<class 'tensorflow.python.keras.optimizer_v2.adam.Adam'>,False
148,0.41736600756645204,0.8511999845504761,0.5472797155380249,0.23093182921409608,0.9117333,0.74407387,relu,sigmoid,50,0.4,148,normal,74,47,29,binary_crossentropy,0.5,<class 'tensorflow.python.keras.optimizer_v2.rmsprop.RMSprop'>,False
106,0.36726245033740995,0.8600000143051147,0.5572930574417114,0.2883998941779137,0.8778667,0.64461046,relu,sigmoid,30,0.0,106,uniform,38,20,38,binary_crossentropy,1,<class 'tensorflow.python.keras.optimizer_v2.rmsprop.RMSprop'>,False
112,0.3298562151789665,0.8687999844551086,0.5763593912124634,0.3169264070987701,0.8674667,0.6134015,elu,sigmoid,65,0.16,112,normal,20,38,20,binary_crossentropy,1,<class 'tensorflow.python.keras.optimizer_v2.nadam.Nadam'>,True
100,0.38526194900274274,0.853600025177002,0.5102011561393738,0.38306983226537705,0.844,0.51932824,relu,sigmoid,65,0.24,100,uniform,20,20,29,binary_crossentropy,0.5,<class 'tensorflow.python.keras.optimizer_v2.adam.Adam'>,False
118,0.5485245570540428,0.8327999711036682,0.5228577256202698,0.1903186670790116,0.92,0.77476907,relu,sigmoid,35,0.4,118,normal,56,56,20,binary_crossentropy,0.5,<class 'tensorflow.python.keras.optimizer_v2.nadam.Nadam'>,False
130,0.3258329528570175,0.8704000115394592,0.5637165904045105,0.32491186022758484,0.86293334,0.5939386,elu,sigmoid,35,0.32,130,normal,65,20,38,binary_crossentropy,0.5,<class 'tensorflow.python.keras.optimizer_v2.rmsprop.RMSprop'>,True
136,0.37241218507289886,0.8551999926567078,0.5705571174621582,0.2678522393107414,0.88666666,0.6753694,elu,sigmoid,50,0.16,136,normal,65,20,29,binary_crossentropy,1,<class 'tensorflow.python.keras.optimizer_v2.nadam.Nadam'>,True
118,0.5349192793965339,0.8384000062942505,0.5413434505462646,0.20680388659238816,0.92106664,0.78324497,relu,sigmoid,55,0.4,118,uniform,83,56,38,binary_crossentropy,1,<class 'tensorflow.python.keras.optimizer_v2.rmsprop.RMSprop'>,False
118,0.4626131337881088,0.8560000061988831,0.5236266851425171,0.24401463430623213,0.8946667,0.6875289,relu,sigmoid,35,0.4,118,normal,47,29,20,binary_crossentropy,1,<class 'tensorflow.python.keras.optimizer_v2.adam.Adam'>,False
136,0.3950738459825516,0.8583999872207642,0.546708345413208,0.28176385084788,0.8832,0.65405643,relu,sigmoid,50,0.24,136,normal,20,20,20,binary_crossentropy,1,<class 'tensorflow.python.keras.optimizer_v2.nadam.Nadam'>,True
118,0.38140852451324464,0.8528000116348267,0.5735349655151367,0.2696894536415736,0.89093333,0.6920792,relu,sigmoid,50,0.4,118,uniform,56,20,20,binary_crossentropy,1,<class 'tensorflow.python.keras.optimizer_v2.rmsprop.RMSprop'>,False
106,0.36748376870155336,0.853600025177002,0.5794875025749207,0.29109959117571516,0.88853335,0.6761815,relu,sigmoid,40,0.24,106,uniform,29,20,38,binary_crossentropy,1,<class 'tensorflow.python.keras.optimizer_v2.adam.Adam'>,True
